{
    "name": "ROS 2 Development Container",
    "privileged": true,
    "remoteUser": "wolfi",
    "build": {
        "dockerfile": "Dockerfile",
        "args": {
            "USERNAME": "wolfi"
        }
    },
    "workspaceFolder": "/home/ws",
    "workspaceMount": "source=${localWorkspaceFolder},target=/home/ws/src,type=bind",
    "customizations": {
        "vscode": {
            "extensions":[
                "ms-vscode.cpptools",
                "ms-vscode.cpptools-themes",
                "twxs.cmake",
                "donjayamanne.python-extension-pack",
                "eamodio.gitlens",
                "ms-iot.vscode-ros"
            ]
        }
    },
    "containerEnv": {
        "DISPLAY": "0",
        "ROS_LOCALHOST_ONLY": "1",
        "ROS_DOMAIN_ID": "42"
    },
    "runArgs": [
        "--net=host",
        "-e", "DISPLAY=${env:DISPLAY}"
    ],
    "mounts": [
       "source=/tmp/.X11-unix,target=/tmp/.X11-unix,type=bind,consistency=cached",
        "source=/dev/dri,target=/dev/dri,type=bind,consistency=cached"
    ],
    "postCreateCommand": "sudo rosdep update && sudo rosdep install --from-paths src --ignore-src -y && sudo chown -R $(whoami) /home/ws/"
}